<?xml version="1.0" encoding="UTF-8"?>
<project-private xmlns="http://www.netbeans.org/ns/project-private/1">
    <editor-bookmarks xmlns="http://www.netbeans.org/ns/editor-bookmarks/2" lastBookmarkId="0"/>
    <open-files xmlns="http://www.netbeans.org/ns/projectui-open-files/2">
        <group>
            <file>file:/C:/Users/Jenny/Documents/NetBeansProjects/final-project-jaac/src/quizer/pro/QuizerPro.java</file>
            <file>file:/C:/Users/Jenny/Documents/NetBeansProjects/final-project-jaac/src/quizer/pro/Questions.java</file>
            <file>file:/C:/Users/Jenny/Documents/NetBeansProjects/final-project-jaac/src/quizer/pro/Login.java</file>
            <file>file:/C:/Users/Jenny/Documents/NetBeansProjects/final-project-jaac/src/quizer/pro/CreateQuiz.java</file>
            <file>file:/C:/Users/Jenny/Documents/NetBeansProjects/final-project-jaac/src/quizer/pro/StudentUI.java</file>
            <file>file:/C:/Users/Jenny/Documents/NetBeansProjects/final-project-jaac/src/quizer/pro/Utils.java</file>
            <file>file:/C:/Users/Jenny/Documents/NetBeansProjects/final-project-jaac/src/quizer/pro/StudentQuiz.java</file>
            <file>file:/C:/Users/Jenny/Documents/NetBeansProjects/final-project-jaac/src/quizer/pro/Classes/Student.java</file>
            <file>file:/C:/Users/Jenny/Documents/NetBeansProjects/final-project-jaac/src/quizer/pro/Registration.java</file>
            <file>file:/C:/Users/Jenny/Documents/NetBeansProjects/final-project-jaac/src/quizer/pro/TeacherUI.java</file>
        </group>
    </open-files>
</project-private>
